{
    "type": "FeatureCollection",
    "features": [
        {
            "type": "Feature",
            "geometry": {
                "type": "LineString",
                "coordinates": [
                    [
                        118.9,
                        23.85
                    ],
                    [
                        118.216667,
                        23.133333
                    ],
                    [
                        118.383333,
                        23.066667
                    ],
                    [
                        119.25,
                        23.566667
                    ],
                    [
                        118.9,
                        23.85
                    ]
                ]
            },
            "properties": {
                "name": "Path"
            }
        },
        {
            "type": "Feature",
            "geometry": {
                "type": "LineString",
                "coordinates": [
                    [
                        120.681356,
                        22.448536
                    ],
                    [
                        120.681031,
                        22.441247
                    ],
                    [
                        120.680023,
                        22.434011
                    ],
                    [
                        120.678341,
                        22.426885
                    ],
                    [
                        120.675997,
                        22.419922
                    ],
                    [
                        120.67301,
                        22.413176
                    ],
                    [
                        120.669402,
                        22.406697
                    ],
                    [
                        120.665201,
                        22.400535
                    ],
                    [
                        120.660439,
                        22.394737
                    ],
                    [
                        120.655151,
                        22.389347
                    ],
                    [
                        120.64938,
                        22.384406
                    ],
                    [
                        120.643167,
                        22.379951
                    ],
                    [
                        120.636561,
                        22.376016
                    ],
                    [
                        120.629612,
                        22.372631
                    ],
                    [
                        120.622372,
                        22.369823
                    ],
                    [
                        120.614897,
                        22.367611
                    ],
                    [
                        120.607243,
                        22.366014
                    ],
                    [
                        120.599469,
                        22.365042
                    ],
                    [
                        120.591633,
                        22.364705
                    ],
                    [
                        120.583796,
                        22.365003
                    ],
                    [
                        120.576016,
                        22.365935
                    ],
                    [
                        120.568353,
                        22.367494
                    ],
                    [
                        120.560865,
                        22.369668
                    ],
                    [
                        120.55361,
                        22.37244
                    ],
                    [
                        120.546641,
                        22.375789
                    ],
                    [
                        120.540012,
                        22.37969
                    ],
                    [
                        120.533773,
                        22.384114
                    ],
                    [
                        120.527973,
                        22.389026
                    ],
                    [
                        120.522654,
                        22.394389
                    ],
                    [
                        120.517858,
                        22.400163
                    ],
                    [
                        120.513621,
                        22.406304
                    ],
                    [
                        120.509976,
                        22.412764
                    ],
                    [
                        120.506949,
                        22.419495
                    ],
                    [
                        120.504565,
                        22.426446
                    ],
                    [
                        120.502841,
                        22.433563
                    ],
                    [
                        120.501791,
                        22.440793
                    ],
                    [
                        120.501423,
                        22.448081
                    ],
                    [
                        120.501739,
                        22.45537
                    ],
                    [
                        120.502738,
                        22.462606
                    ],
                    [
                        120.504411,
                        22.469734
                    ],
                    [
                        120.506747,
                        22.476699
                    ],
                    [
                        120.509727,
                        22.483449
                    ],
                    [
                        120.51333,
                        22.489931
                    ],
                    [
                        120.517527,
                        22.496097
                    ],
                    [
                        120.522286,
                        22.501899
                    ],
                    [
                        120.527572,
                        22.507293
                    ],
                    [
                        120.533345,
                        22.512239
                    ],
                    [
                        120.53956,
                        22.51669800000001
                    ],
                    [
                        120.54617,
                        22.520637
                    ],
                    [
                        120.553124,
                        22.524025
                    ],
                    [
                        120.56037,
                        22.526837
                    ],
                    [
                        120.567853,
                        22.529051
                    ],
                    [
                        120.575515,
                        22.53065
                    ],
                    [
                        120.583298,
                        22.531623
                    ],
                    [
                        120.591143,
                        22.531961
                    ],
                    [
                        120.59899,
                        22.53166300000001
                    ],
                    [
                        120.606779,
                        22.53073
                    ],
                    [
                        120.61445,
                        22.529169
                    ],
                    [
                        120.621946,
                        22.526993
                    ],
                    [
                        120.629209,
                        22.524218
                    ],
                    [
                        120.636183,
                        22.520865
                    ],
                    [
                        120.642816,
                        22.51696
                    ],
                    [
                        120.649057,
                        22.512533
                    ],
                    [
                        120.654859,
                        22.507616
                    ],
                    [
                        120.660177,
                        22.502249
                    ],
                    [
                        120.66497,
                        22.496471
                    ],
                    [
                        120.669204,
                        22.490326
                    ],
                    [
                        120.672844,
                        22.483862
                    ],
                    [
                        120.675864,
                        22.477128
                    ],
                    [
                        120.678241,
                        22.470175
                    ],
                    [
                        120.679956,
                        22.463055
                    ],
                    [
                        120.680997,
                        22.455824
                    ],
                    [
                        120.681356,
                        22.448536
                    ]
                ]
            },
            "properties": {
                "name": "Path"
            }
        },
        {
            "type": "Feature",
            "geometry": {
                "type": "LineString",
                "coordinates": [
                    [
                        119.342222,
                        23.196293
                    ],
                    [
                        119.338119,
                        23.196369
                    ],
                    [
                        119.33402,
                        23.196576
                    ],
                    [
                        119.329932,
                        23.196915
                    ],
                    [
                        119.325859,
                        23.197386
                    ],
                    [
                        119.321806,
                        23.197988
                    ],
                    [
                        119.317778,
                        23.19872
                    ],
                    [
                        119.31378,
                        23.199582
                    ],
                    [
                        119.309818,
                        23.200572
                    ],
                    [
                        119.305895,
                        23.201689
                    ],
                    [
                        119.302016,
                        23.202932
                    ],
                    [
                        119.298187,
                        23.204299
                    ],
                    [
                        119.294411,
                        23.205788
                    ],
                    [
                        119.290694,
                        23.207399
                    ],
                    [
                        119.28704,
                        23.209128
                    ],
                    [
                        119.283454,
                        23.210974
                    ],
                    [
                        119.279939,
                        23.212935
                    ],
                    [
                        119.2765,
                        23.215008
                    ],
                    [
                        119.273142,
                        23.21719
                    ],
                    [
                        119.269868,
                        23.219479
                    ],
                    [
                        119.266682,
                        23.221872
                    ],
                    [
                        119.263588,
                        23.224367
                    ],
                    [
                        119.260591,
                        23.22696
                    ],
                    [
                        119.257693,
                        23.22964800000001
                    ],
                    [
                        119.254898,
                        23.232427
                    ],
                    [
                        119.252209,
                        23.235295
                    ],
                    [
                        119.249631,
                        23.238248
                    ],
                    [
                        119.247165,
                        23.241283
                    ],
                    [
                        119.244816,
                        23.244394
                    ],
                    [
                        119.242585,
                        23.24758
                    ],
                    [
                        119.240476,
                        23.250836
                    ],
                    [
                        119.238491,
                        23.254158
                    ],
                    [
                        119.236633,
                        23.257541
                    ],
                    [
                        119.234903,
                        23.260983
                    ],
                    [
                        119.233305,
                        23.264478
                    ],
                    [
                        119.231839,
                        23.268023
                    ],
                    [
                        119.230508,
                        23.271612
                    ],
                    [
                        119.229313,
                        23.275243
                    ],
                    [
                        119.228257,
                        23.278909
                    ],
                    [
                        119.227339,
                        23.282608
                    ],
                    [
                        119.226562,
                        23.286334
                    ],
                    [
                        119.225925,
                        23.290082
                    ],
                    [
                        119.225431,
                        23.293849
                    ],
                    [
                        119.225079,
                        23.29763000000001
                    ],
                    [
                        119.224871,
                        23.301419
                    ],
                    [
                        119.224805,
                        23.305213
                    ],
                    [
                        119.224884,
                        23.309007
                    ],
                    [
                        119.225105,
                        23.312796
                    ],
                    [
                        119.225469,
                        23.316575
                    ],
                    [
                        119.225976,
                        23.32034
                    ],
                    [
                        119.226625,
                        23.324087
                    ],
                    [
                        119.227416,
                        23.327811
                    ],
                    [
                        119.228346,
                        23.331506
                    ],
                    [
                        119.229416,
                        23.33517
                    ],
                    [
                        119.230624,
                        23.338797
                    ],
                    [
                        119.231968,
                        23.342382
                    ],
                    [
                        119.233447,
                        23.345923
                    ],
                    [
                        119.235058,
                        23.349413
                    ],
                    [
                        119.236801,
                        23.352849
                    ],
                    [
                        119.238673,
                        23.356227
                    ],
                    [
                        119.240672,
                        23.359543
                    ],
                    [
                        119.242794,
                        23.362792
                    ],
                    [
                        119.245038,
                        23.365971
                    ],
                    [
                        119.247402,
                        23.369075
                    ],
                    [
                        119.249881,
                        23.372101
                    ],
                    [
                        119.252473,
                        23.375046
                    ],
                    [
                        119.255175,
                        23.377905
                    ],
                    [
                        119.257984,
                        23.380676
                    ],
                    [
                        119.260895,
                        23.383354
                    ],
                    [
                        119.263907,
                        23.385937
                    ],
                    [
                        119.267014,
                        23.388421
                    ],
                    [
                        119.270214,
                        23.390803
                    ],
                    [
                        119.273501,
                        23.393081
                    ],
                    [
                        119.276873,
                        23.395251
                    ],
                    [
                        119.280325,
                        23.397312
                    ],
                    [
                        119.283853,
                        23.39926000000001
                    ],
                    [
                        119.287453,
                        23.401092
                    ],
                    [
                        119.291119,
                        23.402808
                    ],
                    [
                        119.294849,
                        23.404405
                    ],
                    [
                        119.298636,
                        23.40588
                    ],
                    [
                        119.302478,
                        23.407233
                    ],
                    [
                        119.306368,
                        23.40846
                    ],
                    [
                        119.310302,
                        23.409562
                    ],
                    [
                        119.314276,
                        23.410536
                    ],
                    [
                        119.318284,
                        23.411381
                    ],
                    [
                        119.322321,
                        23.412097
                    ],
                    [
                        119.326383,
                        23.412682
                    ],
                    [
                        119.330465,
                        23.413136
                    ],
                    [
                        119.334562,
                        23.413458
                    ],
                    [
                        119.338668,
                        23.413648
                    ],
                    [
                        119.342779,
                        23.413705
                    ],
                    [
                        119.342611,
                        23.348482
                    ],
                    [
                        119.344255,
                        23.348452
                    ],
                    [
                        119.345896,
                        23.348369
                    ],
                    [
                        119.347533,
                        23.348233
                    ],
                    [
                        119.349164,
                        23.348045
                    ],
                    [
                        119.350787,
                        23.347804
                    ],
                    [
                        119.3524,
                        23.34751
                    ],
                    [
                        119.354001,
                        23.347165
                    ],
                    [
                        119.355588,
                        23.346769
                    ],
                    [
                        119.357158,
                        23.346322
                    ],
                    [
                        119.358711,
                        23.345824
                    ],
                    [
                        119.360244,
                        23.345276
                    ],
                    [
                        119.361756,
                        23.34468
                    ],
                    [
                        119.363244,
                        23.344035
                    ],
                    [
                        119.364706,
                        23.343343
                    ],
                    [
                        119.366142,
                        23.342603
                    ],
                    [
                        119.367549,
                        23.341818
                    ],
                    [
                        119.368925,
                        23.340989
                    ],
                    [
                        119.370269,
                        23.340115
                    ],
                    [
                        119.371579,
                        23.339198
                    ],
                    [
                        119.372854,
                        23.33824
                    ],
                    [
                        119.374091,
                        23.337242
                    ],
                    [
                        119.375291,
                        23.336204
                    ],
                    [
                        119.37645,
                        23.335128
                    ],
                    [
                        119.377568,
                        23.334015
                    ],
                    [
                        119.378643,
                        23.332867
                    ],
                    [
                        119.379674,
                        23.331685
                    ],
                    [
                        119.380659,
                        23.33047
                    ],
                    [
                        119.381598,
                        23.329225
                    ],
                    [
                        119.38249,
                        23.32795000000001
                    ],
                    [
                        119.383333,
                        23.326647
                    ],
                    [
                        119.384126,
                        23.325317
                    ],
                    [
                        119.384868,
                        23.323963
                    ],
                    [
                        119.385558,
                        23.322586
                    ],
                    [
                        119.386196,
                        23.321187
                    ],
                    [
                        119.386781,
                        23.319769
                    ],
                    [
                        119.387312,
                        23.318333
                    ],
                    [
                        119.387788,
                        23.31688
                    ],
                    [
                        119.38821,
                        23.315413
                    ],
                    [
                        119.388575,
                        23.313933
                    ],
                    [
                        119.388884,
                        23.312442
                    ],
                    [
                        119.389137,
                        23.310943
                    ],
                    [
                        119.389333,
                        23.309436
                    ],
                    [
                        119.389472,
                        23.307924
                    ],
                    [
                        119.389553,
                        23.306408
                    ],
                    [
                        119.389577,
                        23.30489
                    ],
                    [
                        119.389544,
                        23.303373
                    ],
                    [
                        119.389454,
                        23.301857
                    ],
                    [
                        119.389306,
                        23.300346
                    ],
                    [
                        119.389102,
                        23.29884
                    ],
                    [
                        119.38884,
                        23.297341
                    ],
                    [
                        119.388522,
                        23.295852
                    ],
                    [
                        119.388148,
                        23.294374
                    ],
                    [
                        119.387719,
                        23.29290900000001
                    ],
                    [
                        119.387234,
                        23.291459
                    ],
                    [
                        119.386695,
                        23.290025
                    ],
                    [
                        119.386102,
                        23.28861
                    ],
                    [
                        119.385456,
                        23.287214
                    ],
                    [
                        119.384758,
                        23.285841
                    ],
                    [
                        119.384008,
                        23.28449
                    ],
                    [
                        119.383208,
                        23.283165
                    ],
                    [
                        119.382358,
                        23.281866
                    ],
                    [
                        119.38146,
                        23.28059500000001
                    ],
                    [
                        119.380514,
                        23.279354
                    ],
                    [
                        119.379522,
                        23.278144
                    ],
                    [
                        119.378484,
                        23.276967
                    ],
                    [
                        119.377403,
                        23.275824
                    ],
                    [
                        119.37628,
                        23.274717
                    ],
                    [
                        119.375115,
                        23.273647
                    ],
                    [
                        119.373911,
                        23.272614
                    ],
                    [
                        119.372668,
                        23.271622
                    ],
                    [
                        119.371389,
                        23.27067
                    ],
                    [
                        119.370074,
                        23.269759
                    ],
                    [
                        119.368726,
                        23.268892
                    ],
                    [
                        119.367346,
                        23.268068
                    ],
                    [
                        119.365936,
                        23.26729
                    ],
                    [
                        119.364497,
                        23.266558
                    ],
                    [
                        119.363031,
                        23.265872
                    ],
                    [
                        119.361541,
                        23.265234
                    ],
                    [
                        119.360027,
                        23.264644
                    ],
                    [
                        119.358492,
                        23.264104
                    ],
                    [
                        119.356937,
                        23.263613
                    ],
                    [
                        119.355365,
                        23.263173
                    ],
                    [
                        119.353778,
                        23.262784
                    ],
                    [
                        119.352176,
                        23.262446
                    ],
                    [
                        119.350563,
                        23.26216
                    ],
                    [
                        119.34894,
                        23.261926
                    ],
                    [
                        119.347309,
                        23.261745
                    ],
                    [
                        119.345672,
                        23.261616
                    ],
                    [
                        119.344031,
                        23.26154
                    ],
                    [
                        119.342389,
                        23.261518
                    ],
                    [
                        119.342222,
                        23.196293
                    ]
                ]
            },
            "properties": {
                "name": "Path"
            }
        },
        {
            "type": "Feature",
            "geometry": {
                "type": "LineString",
                "coordinates": [
                    [
                        122.333333,
                        27.333333
                    ],
                    [
                        121.366667,
                        26.3
                    ],
                    [
                        121.866667,
                        26.3
                    ],
                    [
                        122.716667,
                        27.333333
                    ],
                    [
                        122.333333,
                        27.333333
                    ]
                ]
            },
            "properties": {
                "name": "Path"
            }
        },
        {
            "type": "Feature",
            "geometry": {
                "type": "LineString",
                "coordinates": [
                    [
                        120.8,
                        25.8
                    ],
                    [
                        121.333333,
                        25.8
                    ],
                    [
                        120.383333,
                        24.866667
                    ],
                    [
                        119.916667,
                        24.866667
                    ],
                    [
                        120.8,
                        25.8
                    ]
                ]
            },
            "properties": {
                "name": "Path"
            }
        },
        {
            "type": "Feature",
            "geometry": {
                "type": "LineString",
                "coordinates": [
                    [
                        119.833333,
                        24.8
                    ],
                    [
                        119.133333,
                        24.166667
                    ],
                    [
                        119.45,
                        23.916667
                    ],
                    [
                        120.333333,
                        24.8
                    ],
                    [
                        119.833333,
                        24.8
                    ]
                ]
            },
            "properties": {
                "name": "Path"
            }
        },
        {
            "type": "Feature",
            "geometry": {
                "type": "LineString",
                "coordinates": [
                    [
                        118.916667,
                        22.566667
                    ],
                    [
                        118.916667,
                        22.35
                    ],
                    [
                        119.616667,
                        22.266667
                    ],
                    [
                        119.65,
                        22.983333
                    ],
                    [
                        118.916667,
                        22.566667
                    ]
                ]
            },
            "properties": {
                "name": "Path"
            }
        },
        {
            "type": "Feature",
            "geometry": {
                "type": "LineString",
                "coordinates": [
                    [
                        121.525,
                        25.165
                    ],
                    [
                        121.525,
                        25.083889
                    ],
                    [
                        121.550278,
                        25.076111
                    ],
                    [
                        121.583333,
                        25.076111
                    ],
                    [
                        121.583333,
                        25.165
                    ],
                    [
                        121.525,
                        25.165
                    ]
                ]
            },
            "properties": {
                "name": "Path"
            }
        },
        {
            "type": "Feature",
            "geometry": {
                "type": "LineString",
                "coordinates": [
                    [
                        122.083333,
                        23.716667
                    ],
                    [
                        122.083333,
                        23
                    ],
                    [
                        122.633333,
                        23.333333
                    ],
                    [
                        122.633333,
                        23.716667
                    ],
                    [
                        122.083333,
                        23.716667
                    ]
                ]
            },
            "properties": {
                "name": "Path"
            }
        },
        {
            "type": "Feature",
            "geometry": {
                "type": "LineString",
                "coordinates": [
                    [
                        119.424722,
                        22.581667
                    ],
                    [
                        119.758056,
                        22.581667
                    ],
                    [
                        119.758056,
                        22.915
                    ],
                    [
                        119.424722,
                        22.915
                    ],
                    [
                        119.424722,
                        22.581667
                    ]
                ]
            },
            "properties": {
                "name": "Path"
            }
        },
        {
            "type": "Feature",
            "geometry": {
                "type": "LineString",
                "coordinates": [
                    [
                        119.424722,
                        22.581667
                    ],
                    [
                        119.758056,
                        22.581667
                    ],
                    [
                        119.758056,
                        22.915
                    ],
                    [
                        119.424722,
                        22.915
                    ],
                    [
                        119.424722,
                        22.581667
                    ]
                ]
            },
            "properties": {
                "name": "Path"
            }
        },
        {
            "type": "Feature",
            "geometry": {
                "type": "LineString",
                "coordinates": [
                    [
                        120.9,
                        24.933333
                    ],
                    [
                        120.883333,
                        24.875
                    ],
                    [
                        120.916667,
                        24.875
                    ],
                    [
                        120.969444,
                        24.86944400000001
                    ],
                    [
                        120.933333,
                        24.933333
                    ],
                    [
                        120.9,
                        24.933333
                    ]
                ]
            },
            "properties": {
                "name": "Path"
            }
        },
        {
            "type": "Feature",
            "geometry": {
                "type": "LineString",
                "coordinates": [
                    [
                        122.008333,
                        25.465
                    ],
                    [
                        122.208333,
                        25.465
                    ],
                    [
                        122.208333,
                        25.331667
                    ],
                    [
                        122.008333,
                        25.331667
                    ],
                    [
                        122.008333,
                        25.465
                    ]
                ]
            },
            "properties": {
                "name": "Path"
            }
        },
        {
            "type": "Feature",
            "geometry": {
                "type": "LineString",
                "coordinates": [
                    [
                        120.274722,
                        22.648333
                    ],
                    [
                        120.258056,
                        22.715
                    ],
                    [
                        120.091389,
                        22.715
                    ],
                    [
                        120.274722,
                        22.648333
                    ]
                ]
            },
            "properties": {
                "name": "Path"
            }
        },
        {
            "type": "Feature",
            "geometry": {
                "type": "LineString",
                "coordinates": [
                    [
                        121.816667,
                        24.8
                    ],
                    [
                        121.816667,
                        24.733333
                    ],
                    [
                        121.833333,
                        24.7
                    ],
                    [
                        121.916667,
                        24.666667
                    ],
                    [
                        121.916667,
                        24.833333
                    ],
                    [
                        121.833333,
                        24.833333
                    ],
                    [
                        121.816667,
                        24.8
                    ]
                ]
            },
            "properties": {
                "name": "Path"
            }
        },
        {
            "type": "Feature",
            "geometry": {
                "type": "LineString",
                "coordinates": [
                    [
                        120.457466,
                        22.366506
                    ],
                    [
                        120.455814,
                        22.360892
                    ],
                    [
                        120.454372,
                        22.355228
                    ],
                    [
                        120.453144,
                        22.349521
                    ],
                    [
                        120.45213,
                        22.343778
                    ],
                    [
                        120.451331,
                        22.338005
                    ],
                    [
                        120.450749,
                        22.33221
                    ],
                    [
                        120.450383,
                        22.3264
                    ],
                    [
                        120.450236,
                        22.320581
                    ],
                    [
                        120.450306,
                        22.314761
                    ],
                    [
                        120.450593,
                        22.308947
                    ],
                    [
                        120.451098,
                        22.303145
                    ],
                    [
                        120.45182,
                        22.297364
                    ],
                    [
                        120.452757,
                        22.291609
                    ],
                    [
                        120.453908,
                        22.285888
                    ],
                    [
                        120.455273,
                        22.280208
                    ],
                    [
                        120.456849,
                        22.274575
                    ],
                    [
                        120.458635,
                        22.268997
                    ],
                    [
                        120.460627,
                        22.26348
                    ],
                    [
                        120.462825,
                        22.258031
                    ],
                    [
                        120.465225,
                        22.252656
                    ],
                    [
                        120.467824,
                        22.247363
                    ],
                    [
                        120.470619,
                        22.242156
                    ],
                    [
                        120.473607,
                        22.237043
                    ],
                    [
                        120.476784,
                        22.23203
                    ],
                    [
                        120.480146,
                        22.227123
                    ],
                    [
                        120.483689,
                        22.222328
                    ],
                    [
                        120.487409,
                        22.21765
                    ],
                    [
                        120.491302,
                        22.213096
                    ],
                    [
                        120.495362,
                        22.20867
                    ],
                    [
                        120.499584,
                        22.204379
                    ],
                    [
                        120.503964,
                        22.200226
                    ],
                    [
                        120.508497,
                        22.196218
                    ],
                    [
                        120.513176,
                        22.192359
                    ],
                    [
                        120.517996,
                        22.188654
                    ],
                    [
                        120.522951,
                        22.185107
                    ],
                    [
                        120.528036,
                        22.181723
                    ],
                    [
                        120.533244,
                        22.178506
                    ],
                    [
                        120.538569,
                        22.175458
                    ],
                    [
                        120.544004,
                        22.172586
                    ],
                    [
                        120.549543,
                        22.16989
                    ],
                    [
                        120.555179,
                        22.167376
                    ],
                    [
                        120.560905,
                        22.165046
                    ],
                    [
                        120.566715,
                        22.162902
                    ],
                    [
                        120.572601,
                        22.160948
                    ],
                    [
                        120.578556,
                        22.159186
                    ],
                    [
                        120.584574,
                        22.157617
                    ],
                    [
                        120.590646,
                        22.156245
                    ],
                    [
                        120.596766,
                        22.155069
                    ],
                    [
                        120.602926,
                        22.154093
                    ],
                    [
                        120.609118,
                        22.153316
                    ],
                    [
                        120.615336,
                        22.15274
                    ],
                    [
                        120.621571,
                        22.152367
                    ],
                    [
                        120.627817,
                        22.152195
                    ],
                    [
                        120.634065,
                        22.152225
                    ],
                    [
                        120.640309,
                        22.152458
                    ],
                    [
                        120.64654,
                        22.152892
                    ],
                    [
                        120.652751,
                        22.153529
                    ],
                    [
                        120.658934,
                        22.154365
                    ],
                    [
                        120.665083,
                        22.155402
                    ],
                    [
                        120.671189,
                        22.156637
                    ],
                    [
                        120.677246,
                        22.158069
                    ],
                    [
                        120.683246,
                        22.159696
                    ],
                    [
                        120.63,
                        22.319444
                    ],
                    [
                        120.457466,
                        22.366506
                    ]
                ]
            },
            "properties": {
                "name": "Path"
            }
        },
        {
            "type": "Feature",
            "geometry": {
                "type": "LineString",
                "coordinates": [
                    [
                        120.182623,
                        23.568349
                    ],
                    [
                        120.183056,
                        23.498333
                    ],
                    [
                        120.183483,
                        23.428858
                    ],
                    [
                        120.180836,
                        23.427284
                    ],
                    [
                        120.178131,
                        23.425795
                    ],
                    [
                        120.175372,
                        23.424394
                    ],
                    [
                        120.172562,
                        23.423083
                    ],
                    [
                        120.169704,
                        23.421862
                    ],
                    [
                        120.166802,
                        23.420734
                    ],
                    [
                        120.163859,
                        23.419699
                    ],
                    [
                        120.160879,
                        23.418759
                    ],
                    [
                        120.157866,
                        23.417915
                    ],
                    [
                        120.154823,
                        23.417169
                    ],
                    [
                        120.151753,
                        23.41652
                    ],
                    [
                        120.148661,
                        23.41597
                    ],
                    [
                        120.14555,
                        23.41552
                    ],
                    [
                        120.142424,
                        23.41517
                    ],
                    [
                        120.139287,
                        23.414919
                    ],
                    [
                        120.136142,
                        23.41477
                    ],
                    [
                        120.132994,
                        23.414722
                    ],
                    [
                        120.129845,
                        23.414774
                    ],
                    [
                        120.126701,
                        23.414928
                    ],
                    [
                        120.123564,
                        23.415182
                    ],
                    [
                        120.120439,
                        23.415536
                    ],
                    [
                        120.117328,
                        23.41599
                    ],
                    [
                        120.114237,
                        23.416544
                    ],
                    [
                        120.111169,
                        23.417197
                    ],
                    [
                        120.108126,
                        23.417947
                    ],
                    [
                        120.105114,
                        23.418795
                    ],
                    [
                        120.102136,
                        23.419738
                    ],
                    [
                        120.099195,
                        23.420777
                    ],
                    [
                        120.096295,
                        23.421909
                    ],
                    [
                        120.093439,
                        23.423133
                    ],
                    [
                        120.090631,
                        23.424448
                    ],
                    [
                        120.087874,
                        23.425853
                    ],
                    [
                        120.085171,
                        23.42734400000001
                    ],
                    [
                        120.082526,
                        23.428922
                    ],
                    [
                        120.079942,
                        23.430583
                    ],
                    [
                        120.077423,
                        23.432326
                    ],
                    [
                        120.07497,
                        23.434149
                    ],
                    [
                        120.072587,
                        23.43605
                    ],
                    [
                        120.070278,
                        23.438025
                    ],
                    [
                        120.068044,
                        23.440074
                    ],
                    [
                        120.065888,
                        23.442192
                    ],
                    [
                        120.063814,
                        23.444379
                    ],
                    [
                        120.061823,
                        23.446631
                    ],
                    [
                        120.059918,
                        23.448945
                    ],
                    [
                        120.058101,
                        23.451319
                    ],
                    [
                        120.056375,
                        23.453749
                    ],
                    [
                        120.054741,
                        23.456234
                    ],
                    [
                        120.053202,
                        23.458769
                    ],
                    [
                        120.051759,
                        23.46135200000001
                    ],
                    [
                        120.050415,
                        23.46398
                    ],
                    [
                        120.04917,
                        23.46665
                    ],
                    [
                        120.048026,
                        23.469357
                    ],
                    [
                        120.046985,
                        23.47210000000001
                    ],
                    [
                        120.046048,
                        23.474874
                    ],
                    [
                        120.045215,
                        23.477677
                    ],
                    [
                        120.044489,
                        23.480505
                    ],
                    [
                        120.04387,
                        23.483354
                    ],
                    [
                        120.043359,
                        23.486221
                    ],
                    [
                        120.042956,
                        23.489103
                    ],
                    [
                        120.042661,
                        23.491997
                    ],
                    [
                        120.042476,
                        23.494897
                    ],
                    [
                        120.0424,
                        23.497803
                    ],
                    [
                        120.042434,
                        23.500708
                    ],
                    [
                        120.042577,
                        23.503611
                    ],
                    [
                        120.04283,
                        23.506508
                    ],
                    [
                        120.043191,
                        23.509394
                    ],
                    [
                        120.043662,
                        23.512268
                    ],
                    [
                        120.04424,
                        23.515124
                    ],
                    [
                        120.044925,
                        23.517961
                    ],
                    [
                        120.045717,
                        23.520773
                    ],
                    [
                        120.046615,
                        23.523559
                    ],
                    [
                        120.047617,
                        23.526314
                    ],
                    [
                        120.048722,
                        23.529035
                    ],
                    [
                        120.049929,
                        23.53172
                    ],
                    [
                        120.051237,
                        23.534364
                    ],
                    [
                        120.052643,
                        23.53696400000001
                    ],
                    [
                        120.054147,
                        23.539518
                    ],
                    [
                        120.055746,
                        23.542022
                    ],
                    [
                        120.057439,
                        23.544473
                    ],
                    [
                        120.059223,
                        23.546869
                    ],
                    [
                        120.061097,
                        23.549206
                    ],
                    [
                        120.063057,
                        23.551481
                    ],
                    [
                        120.065102,
                        23.553693
                    ],
                    [
                        120.067229,
                        23.555837
                    ],
                    [
                        120.069436,
                        23.557912
                    ],
                    [
                        120.07172,
                        23.559915
                    ],
                    [
                        120.074078,
                        23.561843
                    ],
                    [
                        120.076508,
                        23.563695
                    ],
                    [
                        120.079005,
                        23.565468
                    ],
                    [
                        120.081569,
                        23.56716
                    ],
                    [
                        120.084194,
                        23.568768
                    ],
                    [
                        120.086879,
                        23.570292
                    ],
                    [
                        120.089619,
                        23.571728
                    ],
                    [
                        120.092412,
                        23.573076
                    ],
                    [
                        120.095255,
                        23.574333
                    ],
                    [
                        120.098143,
                        23.575499
                    ],
                    [
                        120.101073,
                        23.576571
                    ],
                    [
                        120.104042,
                        23.577549
                    ],
                    [
                        120.107046,
                        23.578431
                    ],
                    [
                        120.110081,
                        23.579216
                    ],
                    [
                        120.113145,
                        23.579904
                    ],
                    [
                        120.116232,
                        23.580493
                    ],
                    [
                        120.11934,
                        23.580982
                    ],
                    [
                        120.122464,
                        23.581372
                    ],
                    [
                        120.125601,
                        23.581661
                    ],
                    [
                        120.128748,
                        23.58185
                    ],
                    [
                        120.131899,
                        23.581937
                    ],
                    [
                        120.135052,
                        23.581924
                    ],
                    [
                        120.138202,
                        23.581809
                    ],
                    [
                        120.141347,
                        23.581594
                    ],
                    [
                        120.144481,
                        23.581278
                    ],
                    [
                        120.147601,
                        23.580862
                    ],
                    [
                        120.150704,
                        23.580346
                    ],
                    [
                        120.153785,
                        23.579731
                    ],
                    [
                        120.156842,
                        23.579017
                    ],
                    [
                        120.159869,
                        23.578206
                    ],
                    [
                        120.162864,
                        23.577298
                    ],
                    [
                        120.165823,
                        23.576295
                    ],
                    [
                        120.168743,
                        23.575198
                    ],
                    [
                        120.171619,
                        23.574008
                    ],
                    [
                        120.174448,
                        23.572726
                    ],
                    [
                        120.177228,
                        23.571355
                    ],
                    [
                        120.179954,
                        23.569895
                    ],
                    [
                        120.182623,
                        23.568349
                    ]
                ]
            },
            "properties": {
                "name": "Path"
            }
        },
        {
            "type": "Feature",
            "geometry": {
                "type": "LineString",
                "coordinates": [
                    [
                        119.258056,
                        23.498333
                    ],
                    [
                        119.091389,
                        23.498333
                    ],
                    [
                        119.091389,
                        23.665
                    ],
                    [
                        119.258056,
                        23.665
                    ],
                    [
                        119.258056,
                        23.498333
                    ]
                ]
            },
            "properties": {
                "name": "Path"
            }
        },
        {
            "type": "Feature",
            "geometry": {
                "type": "LineString",
                "coordinates": [
                    [
                        121.623545,
                        21.947998
                    ],
                    [
                        121.623481,
                        21.946738
                    ],
                    [
                        121.623299,
                        21.945489
                    ],
                    [
                        121.623001,
                        21.94426
                    ],
                    [
                        121.622589,
                        21.943059
                    ],
                    [
                        121.622067,
                        21.941896
                    ],
                    [
                        121.621439,
                        21.94078
                    ],
                    [
                        121.620708,
                        21.93972
                    ],
                    [
                        121.619881,
                        21.938723
                    ],
                    [
                        121.618964,
                        21.937797
                    ],
                    [
                        121.617964,
                        21.936949
                    ],
                    [
                        121.616889,
                        21.936186
                    ],
                    [
                        121.615746,
                        21.935512
                    ],
                    [
                        121.614545,
                        21.934935
                    ],
                    [
                        121.613295,
                        21.934457
                    ],
                    [
                        121.612005,
                        21.934083
                    ],
                    [
                        121.610685,
                        21.933815
                    ],
                    [
                        121.609344,
                        21.933655
                    ],
                    [
                        121.607994,
                        21.933605
                    ],
                    [
                        121.606645,
                        21.933665
                    ],
                    [
                        121.605306,
                        21.933835
                    ],
                    [
                        121.603988,
                        21.934112
                    ],
                    [
                        121.602701,
                        21.934496
                    ],
                    [
                        121.601454,
                        21.934983
                    ],
                    [
                        121.600258,
                        21.93557
                    ],
                    [
                        121.599122,
                        21.936251
                    ],
                    [
                        121.598053,
                        21.937023
                    ],
                    [
                        121.59706,
                        21.937878
                    ],
                    [
                        121.596151,
                        21.938811
                    ],
                    [
                        121.595333,
                        21.939814
                    ],
                    [
                        121.594611,
                        21.94088
                    ],
                    [
                        121.593992,
                        21.942
                    ],
                    [
                        121.59348,
                        21.943166
                    ],
                    [
                        121.593078,
                        21.94437
                    ],
                    [
                        121.592791,
                        21.945602
                    ],
                    [
                        121.59262,
                        21.946853
                    ],
                    [
                        121.592566,
                        21.948112
                    ],
                    [
                        121.59263,
                        21.949371
                    ],
                    [
                        121.592812,
                        21.950621
                    ],
                    [
                        121.593109,
                        21.95185
                    ],
                    [
                        121.593521,
                        21.953051
                    ],
                    [
                        121.594043,
                        21.954214
                    ],
                    [
                        121.594671,
                        21.95533
                    ],
                    [
                        121.595402,
                        21.95639
                    ],
                    [
                        121.596229,
                        21.957388
                    ],
                    [
                        121.597145,
                        21.958314
                    ],
                    [
                        121.598145,
                        21.959162
                    ],
                    [
                        121.599221,
                        21.959925
                    ],
                    [
                        121.600363,
                        21.960598
                    ],
                    [
                        121.601564,
                        21.961176
                    ],
                    [
                        121.602815,
                        21.961654
                    ],
                    [
                        121.604106,
                        21.962028
                    ],
                    [
                        121.605426,
                        21.962296
                    ],
                    [
                        121.606767,
                        21.962456
                    ],
                    [
                        121.608117,
                        21.962506
                    ],
                    [
                        121.609467,
                        21.962446
                    ],
                    [
                        121.610806,
                        21.962276
                    ],
                    [
                        121.612124,
                        21.961999
                    ],
                    [
                        121.613412,
                        21.961615
                    ],
                    [
                        121.614658,
                        21.961128
                    ],
                    [
                        121.615854,
                        21.960541
                    ],
                    [
                        121.616991,
                        21.959859
                    ],
                    [
                        121.61806,
                        21.959088
                    ],
                    [
                        121.619053,
                        21.958233
                    ],
                    [
                        121.619962,
                        21.9573
                    ],
                    [
                        121.62078,
                        21.956296
                    ],
                    [
                        121.621501,
                        21.95523
                    ],
                    [
                        121.62212,
                        21.95411
                    ],
                    [
                        121.622633,
                        21.952943
                    ],
                    [
                        121.623034,
                        21.95174
                    ],
                    [
                        121.623321,
                        21.950508
                    ],
                    [
                        121.623492,
                        21.949257
                    ],
                    [
                        121.623545,
                        21.947998
                    ]
                ]
            },
            "properties": {
                "name": "Path"
            }
        },
        {
            "type": "Feature",
            "geometry": {
                "type": "LineString",
                "coordinates": [
                    [
                        121.098122,
                        22.598304
                    ],
                    [
                        121.097774,
                        22.591015
                    ],
                    [
                        121.096743,
                        22.583782
                    ],
                    [
                        121.095038,
                        22.57666100000001
                    ],
                    [
                        121.092671,
                        22.569704
                    ],
                    [
                        121.08966,
                        22.562965
                    ],
                    [
                        121.086029,
                        22.556496
                    ],
                    [
                        121.081805,
                        22.550345
                    ],
                    [
                        121.07702,
                        22.544559
                    ],
                    [
                        121.071711,
                        22.539183
                    ],
                    [
                        121.065919,
                        22.534256
                    ],
                    [
                        121.059686,
                        22.529817
                    ],
                    [
                        121.053061,
                        22.5259
                    ],
                    [
                        121.046094,
                        22.522533
                    ],
                    [
                        121.038838,
                        22.519743
                    ],
                    [
                        121.031348,
                        22.51755100000001
                    ],
                    [
                        121.023681,
                        22.515973
                    ],
                    [
                        121.015896,
                        22.515022
                    ],
                    [
                        121.008051,
                        22.514704
                    ],
                    [
                        121.000206,
                        22.515023
                    ],
                    [
                        120.99242,
                        22.515975
                    ],
                    [
                        120.984754,
                        22.517553
                    ],
                    [
                        120.977264,
                        22.51974600000001
                    ],
                    [
                        120.970008,
                        22.522537
                    ],
                    [
                        120.963042,
                        22.525904
                    ],
                    [
                        120.956417,
                        22.529823
                    ],
                    [
                        120.950185,
                        22.534262
                    ],
                    [
                        120.944393,
                        22.539189
                    ],
                    [
                        120.939084,
                        22.544566
                    ],
                    [
                        120.9343,
                        22.550352
                    ],
                    [
                        120.930077,
                        22.556504
                    ],
                    [
                        120.926447,
                        22.562974
                    ],
                    [
                        120.923437,
                        22.569713
                    ],
                    [
                        120.921071,
                        22.576669
                    ],
                    [
                        120.919366,
                        22.583791
                    ],
                    [
                        120.918336,
                        22.591024
                    ],
                    [
                        120.917989,
                        22.598313
                    ],
                    [
                        120.918328,
                        22.60560200000001
                    ],
                    [
                        120.919349,
                        22.612835
                    ],
                    [
                        120.921046,
                        22.619959
                    ],
                    [
                        120.923405,
                        22.626918
                    ],
                    [
                        120.926409,
                        22.63366
                    ],
                    [
                        120.930035,
                        22.640133
                    ],
                    [
                        120.934255,
                        22.646287
                    ],
                    [
                        120.939037,
                        22.652077
                    ],
                    [
                        120.944345,
                        22.657458
                    ],
                    [
                        120.950139,
                        22.662389
                    ],
                    [
                        120.956374,
                        22.666832
                    ],
                    [
                        120.963003,
                        22.670754
                    ],
                    [
                        120.969975,
                        22.674124
                    ],
                    [
                        120.977238,
                        22.676917
                    ],
                    [
                        120.984736,
                        22.679112
                    ],
                    [
                        120.992411,
                        22.680691
                    ],
                    [
                        121.000206,
                        22.681644
                    ],
                    [
                        121.00806,
                        22.681962
                    ],
                    [
                        121.015915,
                        22.681643
                    ],
                    [
                        121.02371,
                        22.68069
                    ],
                    [
                        121.031385,
                        22.679109
                    ],
                    [
                        121.038882,
                        22.676914
                    ],
                    [
                        121.046145,
                        22.67412
                    ],
                    [
                        121.053117,
                        22.670749
                    ],
                    [
                        121.059745,
                        22.666827
                    ],
                    [
                        121.06598,
                        22.662383
                    ],
                    [
                        121.071773,
                        22.657452
                    ],
                    [
                        121.07708,
                        22.65207
                    ],
                    [
                        121.081862,
                        22.64628
                    ],
                    [
                        121.086081,
                        22.640125
                    ],
                    [
                        121.089706,
                        22.633651
                    ],
                    [
                        121.092709,
                        22.626909
                    ],
                    [
                        121.095068,
                        22.61995
                    ],
                    [
                        121.096764,
                        22.612826
                    ],
                    [
                        121.097784,
                        22.605592
                    ],
                    [
                        121.098122,
                        22.598304
                    ]
                ]
            },
            "properties": {
                "name": "Path"
            }
        },
        {
            "type": "Feature",
            "geometry": {
                "type": "LineString",
                "coordinates": [
                    [
                        122.008056,
                        22.448056
                    ],
                    [
                        121.674722,
                        22.248056
                    ],
                    [
                        121.674722,
                        21.698056
                    ],
                    [
                        122.008056,
                        21.548056
                    ],
                    [
                        122.008056,
                        22.448056
                    ]
                ]
            },
            "properties": {
                "name": "Path"
            }
        },
        {
            "type": "Feature",
            "geometry": {
                "type": "LineString",
                "coordinates": [
                    [
                        121.024722,
                        21.598056
                    ],
                    [
                        120.991389,
                        21.081389
                    ],
                    [
                        121.458056,
                        21.081389
                    ],
                    [
                        121.641389,
                        21.281389
                    ],
                    [
                        121.024722,
                        21.598056
                    ]
                ]
            },
            "properties": {
                "name": "Path"
            }
        },
        {
            "type": "Feature",
            "geometry": {
                "type": "LineString",
                "coordinates": [
                    [
                        120.785861,
                        21.950051
                    ],
                    [
                        120.785729,
                        21.947135
                    ],
                    [
                        120.785325,
                        21.944241
                    ],
                    [
                        120.784652,
                        21.941391
                    ],
                    [
                        120.783715,
                        21.938606
                    ],
                    [
                        120.782522,
                        21.935908
                    ],
                    [
                        120.781082,
                        21.933317
                    ],
                    [
                        120.779405,
                        21.930854
                    ],
                    [
                        120.777504,
                        21.928536
                    ],
                    [
                        120.775394,
                        21.926381
                    ],
                    [
                        120.773091,
                        21.924406
                    ],
                    [
                        120.770613,
                        21.922626
                    ],
                    [
                        120.767977,
                        21.921054
                    ],
                    [
                        120.765205,
                        21.919703
                    ],
                    [
                        120.762317,
                        21.918582
                    ],
                    [
                        120.759336,
                        21.9177
                    ],
                    [
                        120.756283,
                        21.917064
                    ],
                    [
                        120.753183,
                        21.916678
                    ],
                    [
                        120.750058,
                        21.916546
                    ],
                    [
                        120.746933,
                        21.916669
                    ],
                    [
                        120.743832,
                        21.917045
                    ],
                    [
                        120.740777,
                        21.917672
                    ],
                    [
                        120.737793,
                        21.918544
                    ],
                    [
                        120.734901,
                        21.919657
                    ],
                    [
                        120.732124,
                        21.921
                    ],
                    [
                        120.729483,
                        21.922564
                    ],
                    [
                        120.726998,
                        21.924336
                    ],
                    [
                        120.724688,
                        21.926304
                    ],
                    [
                        120.722571,
                        21.928452
                    ],
                    [
                        120.720662,
                        21.930764
                    ],
                    [
                        120.718977,
                        21.933223
                    ],
                    [
                        120.717527,
                        21.935809
                    ],
                    [
                        120.716325,
                        21.938503
                    ],
                    [
                        120.715379,
                        21.941285
                    ],
                    [
                        120.714696,
                        21.944133
                    ],
                    [
                        120.714282,
                        21.947026
                    ],
                    [
                        120.71414,
                        21.949942
                    ],
                    [
                        120.71427,
                        21.952857
                    ],
                    [
                        120.714673,
                        21.955752
                    ],
                    [
                        120.715344,
                        21.958602
                    ],
                    [
                        120.716279,
                        21.961387
                    ],
                    [
                        120.717471,
                        21.964086
                    ],
                    [
                        120.718911,
                        21.966677
                    ],
                    [
                        120.720587,
                        21.969141
                    ],
                    [
                        120.722488,
                        21.97146
                    ],
                    [
                        120.724597,
                        21.973615
                    ],
                    [
                        120.7269,
                        21.97559
                    ],
                    [
                        120.729379,
                        21.977371
                    ],
                    [
                        120.732015,
                        21.978944
                    ],
                    [
                        120.734788,
                        21.980296
                    ],
                    [
                        120.737677,
                        21.981417
                    ],
                    [
                        120.74066,
                        21.9823
                    ],
                    [
                        120.743714,
                        21.982936
                    ],
                    [
                        120.746815,
                        21.983322
                    ],
                    [
                        120.749941,
                        21.983454
                    ],
                    [
                        120.753068,
                        21.983331
                    ],
                    [
                        120.756171,
                        21.982955
                    ],
                    [
                        120.759227,
                        21.982328
                    ],
                    [
                        120.762213,
                        21.981455
                    ],
                    [
                        120.765105,
                        21.980342
                    ],
                    [
                        120.767883,
                        21.978998
                    ],
                    [
                        120.770525,
                        21.977434
                    ],
                    [
                        120.77301,
                        21.975661
                    ],
                    [
                        120.77532,
                        21.973692
                    ],
                    [
                        120.777437,
                        21.971543
                    ],
                    [
                        120.779346,
                        21.96923
                    ],
                    [
                        120.781031,
                        21.966771
                    ],
                    [
                        120.782479,
                        21.964184
                    ],
                    [
                        120.783681,
                        21.96149
                    ],
                    [
                        120.784626,
                        21.958708
                    ],
                    [
                        120.785307,
                        21.955859
                    ],
                    [
                        120.78572,
                        21.952966
                    ],
                    [
                        120.785861,
                        21.950051
                    ]
                ]
            },
            "properties": {
                "name": "Path"
            }
        },
        {
            "type": "Feature",
            "geometry": {
                "type": "LineString",
                "coordinates": [
                    [
                        121.620111,
                        25.283183
                    ],
                    [
                        121.619956,
                        25.28027
                    ],
                    [
                        121.619523,
                        25.277379
                    ],
                    [
                        121.618814,
                        25.274534
                    ],
                    [
                        121.617835,
                        25.271756
                    ],
                    [
                        121.616594,
                        25.269066
                    ],
                    [
                        121.6151,
                        25.266485
                    ],
                    [
                        121.613364,
                        25.264032
                    ],
                    [
                        121.611399,
                        25.261726
                    ],
                    [
                        121.609221,
                        25.259584
                    ],
                    [
                        121.606846,
                        25.257623
                    ],
                    [
                        121.604293,
                        25.255858
                    ],
                    [
                        121.60158,
                        25.254301
                    ],
                    [
                        121.598728,
                        25.252966
                    ],
                    [
                        121.595759,
                        25.251862
                    ],
                    [
                        121.592695,
                        25.250997
                    ],
                    [
                        121.589561,
                        25.250378
                    ],
                    [
                        121.586379,
                        25.25001
                    ],
                    [
                        121.583174,
                        25.249895
                    ],
                    [
                        121.57997,
                        25.250035
                    ],
                    [
                        121.576791,
                        25.250428
                    ],
                    [
                        121.573663,
                        25.251072
                    ],
                    [
                        121.570608,
                        25.25196100000001
                    ],
                    [
                        121.567649,
                        25.253089
                    ],
                    [
                        121.56481,
                        25.254447
                    ],
                    [
                        121.562112,
                        25.256024
                    ],
                    [
                        121.559575,
                        25.25781
                    ],
                    [
                        121.557219,
                        25.25978900000001
                    ],
                    [
                        121.555062,
                        25.261948
                    ],
                    [
                        121.55312,
                        25.26427
                    ],
                    [
                        121.551407,
                        25.266737
                    ],
                    [
                        121.549937,
                        25.26933
                    ],
                    [
                        121.548722,
                        25.272029
                    ],
                    [
                        121.54777,
                        25.274815
                    ],
                    [
                        121.547088,
                        25.277666
                    ],
                    [
                        121.546682,
                        25.280559
                    ],
                    [
                        121.546555,
                        25.283474
                    ],
                    [
                        121.546708,
                        25.286388
                    ],
                    [
                        121.54714,
                        25.289279
                    ],
                    [
                        121.547847,
                        25.29212400000001
                    ],
                    [
                        121.548825,
                        25.294903
                    ],
                    [
                        121.550065,
                        25.297593
                    ],
                    [
                        121.551558,
                        25.300175
                    ],
                    [
                        121.553294,
                        25.302629
                    ],
                    [
                        121.555258,
                        25.304936
                    ],
                    [
                        121.557435,
                        25.307078
                    ],
                    [
                        121.55981,
                        25.30904
                    ],
                    [
                        121.562365,
                        25.310806
                    ],
                    [
                        121.565079,
                        25.312363
                    ],
                    [
                        121.567931,
                        25.313699
                    ],
                    [
                        121.570902,
                        25.314804
                    ],
                    [
                        121.573967,
                        25.315669
                    ],
                    [
                        121.577103,
                        25.316289
                    ],
                    [
                        121.580287,
                        25.316657
                    ],
                    [
                        121.583493,
                        25.316771
                    ],
                    [
                        121.586699,
                        25.316631
                    ],
                    [
                        121.589879,
                        25.316238
                    ],
                    [
                        121.593009,
                        25.315594
                    ],
                    [
                        121.596066,
                        25.314704
                    ],
                    [
                        121.599025,
                        25.313576
                    ],
                    [
                        121.601865,
                        25.31221800000001
                    ],
                    [
                        121.604564,
                        25.310639
                    ],
                    [
                        121.607101,
                        25.308853
                    ],
                    [
                        121.609457,
                        25.306872
                    ],
                    [
                        121.611615,
                        25.304713
                    ],
                    [
                        121.613556,
                        25.30239
                    ],
                    [
                        121.615268,
                        25.299923
                    ],
                    [
                        121.616737,
                        25.297329
                    ],
                    [
                        121.617951,
                        25.294629
                    ],
                    [
                        121.618902,
                        25.291843
                    ],
                    [
                        121.619582,
                        25.288992
                    ],
                    [
                        121.619986,
                        25.286098
                    ],
                    [
                        121.620111,
                        25.283183
                    ]
                ]
            },
            "properties": {
                "name": "Path"
            }
        },
        {
            "type": "Feature",
            "geometry": {
                "type": "LineString",
                "coordinates": [
                    [
                        121.686752,
                        25.199834
                    ],
                    [
                        121.686596,
                        25.19692
                    ],
                    [
                        121.686161,
                        25.19403
                    ],
                    [
                        121.685452,
                        25.191185
                    ],
                    [
                        121.684472,
                        25.188408
                    ],
                    [
                        121.68323,
                        25.185718
                    ],
                    [
                        121.681735,
                        25.183138
                    ],
                    [
                        121.679999,
                        25.180685
                    ],
                    [
                        121.678035,
                        25.17838
                    ],
                    [
                        121.675857,
                        25.176239
                    ],
                    [
                        121.673483,
                        25.174279
                    ],
                    [
                        121.67093,
                        25.172515
                    ],
                    [
                        121.668218,
                        25.17096
                    ],
                    [
                        121.665368,
                        25.169626
                    ],
                    [
                        121.6624,
                        25.168523
                    ],
                    [
                        121.659338,
                        25.167659
                    ],
                    [
                        121.656206,
                        25.167042
                    ],
                    [
                        121.653026,
                        25.16667500000001
                    ],
                    [
                        121.649823,
                        25.166562
                    ],
                    [
                        121.646621,
                        25.166703
                    ],
                    [
                        121.643445,
                        25.167098
                    ],
                    [
                        121.640319,
                        25.167743
                    ],
                    [
                        121.637266,
                        25.168633
                    ],
                    [
                        121.634311,
                        25.169762
                    ],
                    [
                        121.631474,
                        25.171121
                    ],
                    [
                        121.628779,
                        25.1727
                    ],
                    [
                        121.626245,
                        25.174487
                    ],
                    [
                        121.623892,
                        25.176468
                    ],
                    [
                        121.621737,
                        25.178627
                    ],
                    [
                        121.619797,
                        25.18095
                    ],
                    [
                        121.618087,
                        25.183417
                    ],
                    [
                        121.61662,
                        25.186011
                    ],
                    [
                        121.615406,
                        25.188711
                    ],
                    [
                        121.614456,
                        25.191497
                    ],
                    [
                        121.613777,
                        25.194348
                    ],
                    [
                        121.613373,
                        25.197242
                    ],
                    [
                        121.613247,
                        25.200157
                    ],
                    [
                        121.613402,
                        25.203071
                    ],
                    [
                        121.613835,
                        25.205961
                    ],
                    [
                        121.614543,
                        25.208806
                    ],
                    [
                        121.615521,
                        25.211584
                    ],
                    [
                        121.616762,
                        25.214274
                    ],
                    [
                        121.618256,
                        25.216856
                    ],
                    [
                        121.619991,
                        25.219309
                    ],
                    [
                        121.621955,
                        25.221615
                    ],
                    [
                        121.624133,
                        25.223756
                    ],
                    [
                        121.626507,
                        25.225717
                    ],
                    [
                        121.62906,
                        25.227482
                    ],
                    [
                        121.631773,
                        25.229038
                    ],
                    [
                        121.634625,
                        25.230373
                    ],
                    [
                        121.637594,
                        25.231476
                    ],
                    [
                        121.640657,
                        25.23234
                    ],
                    [
                        121.643791,
                        25.232958
                    ],
                    [
                        121.646973,
                        25.233325
                    ],
                    [
                        121.650178,
                        25.233438
                    ],
                    [
                        121.653381,
                        25.233297
                    ],
                    [
                        121.656559,
                        25.232902
                    ],
                    [
                        121.659686,
                        25.232256
                    ],
                    [
                        121.66274,
                        25.231366
                    ],
                    [
                        121.665697,
                        25.230236
                    ],
                    [
                        121.668534,
                        25.228876
                    ],
                    [
                        121.671231,
                        25.227297
                    ],
                    [
                        121.673765,
                        25.225509
                    ],
                    [
                        121.676118,
                        25.223528
                    ],
                    [
                        121.678273,
                        25.221367
                    ],
                    [
                        121.680212,
                        25.219044
                    ],
                    [
                        121.681922,
                        25.216576
                    ],
                    [
                        121.683388,
                        25.213981
                    ],
                    [
                        121.6846,
                        25.211281
                    ],
                    [
                        121.685548,
                        25.208494
                    ],
                    [
                        121.686226,
                        25.205643
                    ],
                    [
                        121.686629,
                        25.202749
                    ],
                    [
                        121.686752,
                        25.199834
                    ]
                ]
            },
            "properties": {
                "name": "Path"
            }
        },
        {
            "type": "Feature",
            "geometry": {
                "type": "LineString",
                "coordinates": [
                    [
                        121.518889,
                        25.048611
                    ],
                    [
                        121.523889,
                        25.035278
                    ],
                    [
                        121.509444,
                        25.030556
                    ],
                    [
                        121.5025,
                        25.043056
                    ],
                    [
                        121.518889,
                        25.048611
                    ]
                ]
            },
            "properties": {
                "name": "Path"
            }
        },
        {
            "type": "Feature",
            "geometry": {
                "type": "LineString",
                "coordinates": [
                    [
                        121.953367,
                        25.033102
                    ],
                    [
                        121.953205,
                        25.030189
                    ],
                    [
                        121.952764,
                        25.0273
                    ],
                    [
                        121.952049,
                        25.024456
                    ],
                    [
                        121.951065,
                        25.021681
                    ],
                    [
                        121.949819,
                        25.018994
                    ],
                    [
                        121.948321,
                        25.016416
                    ],
                    [
                        121.946582,
                        25.013967
                    ],
                    [
                        121.944616,
                        25.011665
                    ],
                    [
                        121.942437,
                        25.009528
                    ],
                    [
                        121.940062,
                        25.007572
                    ],
                    [
                        121.937509,
                        25.005812
                    ],
                    [
                        121.934797,
                        25.004262
                    ],
                    [
                        121.931948,
                        25.002933
                    ],
                    [
                        121.928982,
                        25.001835
                    ],
                    [
                        121.925923,
                        25.000977
                    ],
                    [
                        121.922793,
                        25.000365
                    ],
                    [
                        121.919617,
                        25.000004
                    ],
                    [
                        121.916418,
                        24.999897
                    ],
                    [
                        121.913222,
                        25.000043
                    ],
                    [
                        121.910051,
                        25.000444
                    ],
                    [
                        121.906931,
                        25.001094
                    ],
                    [
                        121.903884,
                        25.00199
                    ],
                    [
                        121.900935,
                        25.003124
                    ],
                    [
                        121.898106,
                        25.004488
                    ],
                    [
                        121.895417,
                        25.006072
                    ],
                    [
                        121.892891,
                        25.007863
                    ],
                    [
                        121.890545,
                        25.009848
                    ],
                    [
                        121.888398,
                        25.012011
                    ],
                    [
                        121.886466,
                        25.014337
                    ],
                    [
                        121.884763,
                        25.016807
                    ],
                    [
                        121.883304,
                        25.019404
                    ],
                    [
                        121.882098,
                        25.022106
                    ],
                    [
                        121.881155,
                        25.024894
                    ],
                    [
                        121.880482,
                        25.027746
                    ],
                    [
                        121.880085,
                        25.03064
                    ],
                    [
                        121.879966,
                        25.033555
                    ],
                    [
                        121.880127,
                        25.036469
                    ],
                    [
                        121.880565,
                        25.039358
                    ],
                    [
                        121.881279,
                        25.042202
                    ],
                    [
                        121.882261,
                        25.044978
                    ],
                    [
                        121.883506,
                        25.047666
                    ],
                    [
                        121.885003,
                        25.050244
                    ],
                    [
                        121.886741,
                        25.052694
                    ],
                    [
                        121.888707,
                        25.054997
                    ],
                    [
                        121.890886,
                        25.057135
                    ],
                    [
                        121.893262,
                        25.059091
                    ],
                    [
                        121.895815,
                        25.060852
                    ],
                    [
                        121.898528,
                        25.062403
                    ],
                    [
                        121.901378,
                        25.06373200000001
                    ],
                    [
                        121.904345,
                        25.06483
                    ],
                    [
                        121.907406,
                        25.065689
                    ],
                    [
                        121.910537,
                        25.066301
                    ],
                    [
                        121.913715,
                        25.066662
                    ],
                    [
                        121.916915,
                        25.06677
                    ],
                    [
                        121.920114,
                        25.066623
                    ],
                    [
                        121.923286,
                        25.066222
                    ],
                    [
                        121.926408,
                        25.065572
                    ],
                    [
                        121.929456,
                        25.064675
                    ],
                    [
                        121.932406,
                        25.063541
                    ],
                    [
                        121.935236,
                        25.062176
                    ],
                    [
                        121.937925,
                        25.060592
                    ],
                    [
                        121.940452,
                        25.0588
                    ],
                    [
                        121.942798,
                        25.056814
                    ],
                    [
                        121.944945,
                        25.05465
                    ],
                    [
                        121.946877,
                        25.05232300000001
                    ],
                    [
                        121.948578,
                        25.04985200000001
                    ],
                    [
                        121.950037,
                        25.047255
                    ],
                    [
                        121.951242,
                        25.044553
                    ],
                    [
                        121.952183,
                        25.041764
                    ],
                    [
                        121.952854,
                        25.038912
                    ],
                    [
                        121.95325,
                        25.036018
                    ],
                    [
                        121.953367,
                        25.033102
                    ]
                ]
            },
            "properties": {
                "name": "Path"
            }
        },
        {
            "type": "Feature",
            "geometry": {
                "type": "LineString",
                "coordinates": [
                    [
                        121.120725,
                        24.498024
                    ],
                    [
                        121.120533,
                        24.49409
                    ],
                    [
                        121.119968,
                        24.490185
                    ],
                    [
                        121.119033,
                        24.486341
                    ],
                    [
                        121.117735,
                        24.482586
                    ],
                    [
                        121.116085,
                        24.478949
                    ],
                    [
                        121.114095,
                        24.475457
                    ],
                    [
                        121.11178,
                        24.472137
                    ],
                    [
                        121.109157,
                        24.469014
                    ],
                    [
                        121.106248,
                        24.466113
                    ],
                    [
                        121.103073,
                        24.463454
                    ],
                    [
                        121.099658,
                        24.461059
                    ],
                    [
                        121.096027,
                        24.458945
                    ],
                    [
                        121.092209,
                        24.457129
                    ],
                    [
                        121.088233,
                        24.455624
                    ],
                    [
                        121.084129,
                        24.454442
                    ],
                    [
                        121.079928,
                        24.453592
                    ],
                    [
                        121.075662,
                        24.45308
                    ],
                    [
                        121.071363,
                        24.452911
                    ],
                    [
                        121.067065,
                        24.453084
                    ],
                    [
                        121.0628,
                        24.45360000000001
                    ],
                    [
                        121.0586,
                        24.454454
                    ],
                    [
                        121.054497,
                        24.45564
                    ],
                    [
                        121.050522,
                        24.457149
                    ],
                    [
                        121.046707,
                        24.458968
                    ],
                    [
                        121.043078,
                        24.46108600000001
                    ],
                    [
                        121.039666,
                        24.463484
                    ],
                    [
                        121.036494,
                        24.466146
                    ],
                    [
                        121.033588,
                        24.46905
                    ],
                    [
                        121.030969,
                        24.472175
                    ],
                    [
                        121.028658,
                        24.475497
                    ],
                    [
                        121.026671,
                        24.478991
                    ],
                    [
                        121.025025,
                        24.48263
                    ],
                    [
                        121.023732,
                        24.486386
                    ],
                    [
                        121.022801,
                        24.490231
                    ],
                    [
                        121.02224,
                        24.494136
                    ],
                    [
                        121.022053,
                        24.498071
                    ],
                    [
                        121.022241,
                        24.502005
                    ],
                    [
                        121.022804,
                        24.50591
                    ],
                    [
                        121.023736,
                        24.509755
                    ],
                    [
                        121.025031,
                        24.513511
                    ],
                    [
                        121.026679,
                        24.517149
                    ],
                    [
                        121.028668,
                        24.520642
                    ],
                    [
                        121.030982,
                        24.523963
                    ],
                    [
                        121.033603,
                        24.52708700000001
                    ],
                    [
                        121.036512,
                        24.52999
                    ],
                    [
                        121.039687,
                        24.53265
                    ],
                    [
                        121.043104,
                        24.535047
                    ],
                    [
                        121.046735,
                        24.537162
                    ],
                    [
                        121.050555,
                        24.538979
                    ],
                    [
                        121.054533,
                        24.540485
                    ],
                    [
                        121.05864,
                        24.541668
                    ],
                    [
                        121.062844,
                        24.542518
                    ],
                    [
                        121.067113,
                        24.543031
                    ],
                    [
                        121.071414,
                        24.5432
                    ],
                    [
                        121.075716,
                        24.543026
                    ],
                    [
                        121.079984,
                        24.54251
                    ],
                    [
                        121.084187,
                        24.541655
                    ],
                    [
                        121.088292,
                        24.540469
                    ],
                    [
                        121.092269,
                        24.538959
                    ],
                    [
                        121.096087,
                        24.537138
                    ],
                    [
                        121.099716,
                        24.53502
                    ],
                    [
                        121.10313,
                        24.53262
                    ],
                    [
                        121.106301,
                        24.529957
                    ],
                    [
                        121.109207,
                        24.527051
                    ],
                    [
                        121.111825,
                        24.523925
                    ],
                    [
                        121.114135,
                        24.520602
                    ],
                    [
                        121.11612,
                        24.517107
                    ],
                    [
                        121.117764,
                        24.513467
                    ],
                    [
                        121.119055,
                        24.50971
                    ],
                    [
                        121.119983,
                        24.505864
                    ],
                    [
                        121.120541,
                        24.501959
                    ],
                    [
                        121.120725,
                        24.498024
                    ]
                ]
            },
            "properties": {
                "name": "Path"
            }
        },
        {
            "type": "Feature",
            "geometry": {
                "type": "LineString",
                "coordinates": [
                    [
                        114.2245146494748,
                        10.3261509628508
                    ],
                    [
                        114.2389114680495,
                        10.296773614009
                    ]
                ]
            },
            "properties": {
                "name": "Path"
            }
        },
        {
            "type": "Feature",
            "geometry": {
                "type": "LineString",
                "coordinates": [
                    [
                        114.2389114680485,
                        10.296773614008
                    ],
                    [
                        114.2588537929037,
                        10.2707229578515
                    ]
                ]
            },
            "properties": {
                "name": "Path"
            }
        },
        {
            "type": "Feature",
            "geometry": {
                "type": "LineString",
                "coordinates": [
                    [
                        114.2588537929027,
                        10.2707229578505
                    ],
                    [
                        114.2835747299133,
                        10.2489991734231
                    ]
                ]
            },
            "properties": {
                "name": "Path"
            }
        },
        {
            "type": "Feature",
            "geometry": {
                "type": "LineString",
                "coordinates": [
                    [
                        114.2835747299123,
                        10.2489991734221
                    ],
                    [
                        114.3121245104446,
                        10.2324361426847
                    ]
                ]
            },
            "properties": {
                "name": "Path"
            }
        },
        {
            "type": "Feature",
            "geometry": {
                "type": "LineString",
                "coordinates": [
                    [
                        114.3121245104436,
                        10.2324361426837
                    ],
                    [
                        114.3434069498443,
                        10.221669544929
                    ]
                ]
            },
            "properties": {
                "name": "Path"
            }
        },
        {
            "type": "Feature",
            "geometry": {
                "type": "LineString",
                "coordinates": [
                    [
                        114.3434069498433,
                        10.221669544928
                    ],
                    [
                        114.3762214257618,
                        10.2171125483457
                    ]
                ]
            },
            "properties": {
                "name": "Path"
            }
        },
        {
            "type": "Feature",
            "geometry": {
                "type": "LineString",
                "coordinates": [
                    [
                        114.3762214257608,
                        10.2171125483447
                    ],
                    [
                        114.4093087855996,
                        10.2189400165238
                    ]
                ]
            },
            "properties": {
                "name": "Path"
            }
        },
        {
            "type": "Feature",
            "geometry": {
                "type": "LineString",
                "coordinates": [
                    [
                        114.4093087855986,
                        10.2189400165228
                    ],
                    [
                        114.4413994530695,
                        10.2270818256409
                    ]
                ]
            },
            "properties": {
                "name": "Path"
            }
        },
        {
            "type": "Feature",
            "geometry": {
                "type": "LineString",
                "coordinates": [
                    [
                        114.4413994530685,
                        10.2270818256399
                    ],
                    [
                        114.4712619261713,
                        10.2412255443048
                    ]
                ]
            },
            "properties": {
                "name": "Path"
            }
        },
        {
            "type": "Feature",
            "geometry": {
                "type": "LineString",
                "coordinates": [
                    [
                        114.4712619261703,
                        10.2412255443038
                    ],
                    [
                        114.4977498451163,
                        10.2608283750163
                    ]
                ]
            },
            "properties": {
                "name": "Path"
            }
        },
        {
            "type": "Feature",
            "geometry": {
                "type": "LineString",
                "coordinates": [
                    [
                        114.4977498451153,
                        10.2608283750153
                    ],
                    [
                        114.51984585916,
                        10.28513790692
                    ]
                ]
            },
            "properties": {
                "name": "Path"
            }
        },
        {
            "type": "Feature",
            "geometry": {
                "type": "LineString",
                "coordinates": [
                    [
                        114.519845859159,
                        10.285137906919
                    ],
                    [
                        114.5367006345891,
                        10.3132208966615
                    ]
                ]
            },
            "properties": {
                "name": "Path"
            }
        },
        {
            "type": "Feature",
            "geometry": {
                "type": "LineString",
                "coordinates": [
                    [
                        114.5367006345881,
                        10.3132208966605
                    ],
                    [
                        114.5476655189733,
                        10.3439989898722
                    ]
                ]
            },
            "properties": {
                "name": "Path"
            }
        },
        {
            "type": "Feature",
            "geometry": {
                "type": "LineString",
                "coordinates": [
                    [
                        114.5476655189723,
                        10.3439989898712
                    ],
                    [
                        114.5523176043275,
                        10.3762900310922
                    ]
                ]
            },
            "properties": {
                "name": "Path"
            }
        },
        {
            "type": "Feature",
            "geometry": {
                "type": "LineString",
                "coordinates": [
                    [
                        114.5523176043265,
                        10.3762900310912
                    ],
                    [
                        114.5504762074347,
                        10.408853394441
                    ]
                ]
            },
            "properties": {
                "name": "Path"
            }
        },
        {
            "type": "Feature",
            "geometry": {
                "type": "LineString",
                "coordinates": [
                    [
                        114.5504762074337,
                        10.40885339444
                    ],
                    [
                        114.5422101010348,
                        10.4404376090959
                    ]
                ]
            },
            "properties": {
                "name": "Path"
            }
        },
        {
            "type": "Feature",
            "geometry": {
                "type": "LineString",
                "coordinates": [
                    [
                        114.5422101010338,
                        10.4404376090949
                    ],
                    [
                        114.5278351750717,
                        10.4698284589192
                    ]
                ]
            },
            "properties": {
                "name": "Path"
            }
        },
        {
            "type": "Feature",
            "geometry": {
                "type": "LineString",
                "coordinates": [
                    [
                        114.5278351750707,
                        10.4698284589182
                    ],
                    [
                        114.5079025712342,
                        10.4958957087613
                    ]
                ]
            },
            "properties": {
                "name": "Path"
            }
        },
        {
            "type": "Feature",
            "geometry": {
                "type": "LineString",
                "coordinates": [
                    [
                        114.5079025712333,
                        10.4958957087603
                    ],
                    [
                        114.4831777036272,
                        10.5176366533589
                    ]
                ]
            },
            "properties": {
                "name": "Path"
            }
        },
        {
            "type": "Feature",
            "geometry": {
                "type": "LineString",
                "coordinates": [
                    [
                        114.4831777036262,
                        10.5176366533579
                    ],
                    [
                        114.4546109391858,
                        10.5342147982632
                    ]
                ]
            },
            "properties": {
                "name": "Path"
            }
        },
        {
            "type": "Feature",
            "geometry": {
                "type": "LineString",
                "coordinates": [
                    [
                        114.4546109391848,
                        10.5342147982622
                    ],
                    [
                        114.4233010481576,
                        10.5449921631572
                    ]
                ]
            },
            "properties": {
                "name": "Path"
            }
        },
        {
            "type": "Feature",
            "geometry": {
                "type": "LineString",
                "coordinates": [
                    [
                        114.4233010481566,
                        10.5449921631562
                    ],
                    [
                        114.3904528321765,
                        10.5495539406181
                    ]
                ]
            },
            "properties": {
                "name": "Path"
            }
        },
        {
            "type": "Feature",
            "geometry": {
                "type": "LineString",
                "coordinates": [
                    [
                        114.3904528321755,
                        10.5495539406171
                    ],
                    [
                        114.3573305805421,
                        10.5477245391931
                    ]
                ]
            },
            "properties": {
                "name": "Path"
            }
        },
        {
            "type": "Feature",
            "geometry": {
                "type": "LineString",
                "coordinates": [
                    [
                        114.3573305805412,
                        10.5477245391921
                    ],
                    [
                        114.3252091815991,
                        10.5395743770316
                    ]
                ]
            },
            "properties": {
                "name": "Path"
            }
        },
        {
            "type": "Feature",
            "geometry": {
                "type": "LineString",
                "coordinates": [
                    [
                        114.3252091815981,
                        10.5395743770306
                    ],
                    [
                        114.2953248159878,
                        10.5254171572306
                    ]
                ]
            },
            "properties": {
                "name": "Path"
            }
        },
        {
            "type": "Feature",
            "geometry": {
                "type": "LineString",
                "coordinates": [
                    [
                        114.2953248159868,
                        10.5254171572296
                    ],
                    [
                        114.2688271764113,
                        10.5057977327491
                    ]
                ]
            },
            "properties": {
                "name": "Path"
            }
        },
        {
            "type": "Feature",
            "geometry": {
                "type": "LineString",
                "coordinates": [
                    [
                        114.2688271764103,
                        10.5057977327481
                    ],
                    [
                        114.2467350934087,
                        10.4814710407118
                    ]
                ]
            },
            "properties": {
                "name": "Path"
            }
        },
        {
            "type": "Feature",
            "geometry": {
                "type": "LineString",
                "coordinates": [
                    [
                        114.2467350934078,
                        10.4814710407108
                    ],
                    [
                        114.2298973021317,
                        10.4533729369403
                    ]
                ]
            },
            "properties": {
                "name": "Path"
            }
        },
        {
            "type": "Feature",
            "geometry": {
                "type": "LineString",
                "coordinates": [
                    [
                        114.2298973021307,
                        10.4533729369393
                    ],
                    [
                        114.218959869275,
                        10.4225840767479
                    ]
                ]
            },
            "properties": {
                "name": "Path"
            }
        },
        {
            "type": "Feature",
            "geometry": {
                "type": "LineString",
                "coordinates": [
                    [
                        114.218959869274,
                        10.4225840767469
                    ],
                    [
                        114.2143415235991,
                        10.3902882547358
                    ]
                ]
            },
            "properties": {
                "name": "Path"
            }
        },
        {
            "type": "Feature",
            "geometry": {
                "type": "LineString",
                "coordinates": [
                    [
                        114.2143415235981,
                        10.3902882547348
                    ],
                    [
                        114.2162178118447,
                        10.3577268245983
                    ]
                ]
            },
            "properties": {
                "name": "Path"
            }
        },
        {
            "type": "Feature",
            "geometry": {
                "type": "LineString",
                "coordinates": [
                    [
                        114.2162178118437,
                        10.3577268245973
                    ],
                    [
                        114.2245146494758,
                        10.3261509628518
                    ]
                ]
            },
            "properties": {
                "name": "Path"
            }
        },
        {
            "type": "Feature",
            "geometry": {
                "type": "LineString",
                "coordinates": [
                    [
                        116.5497007623385,
                        20.6427762015327
                    ],
                    [
                        116.5648512824559,
                        20.6134060287544
                    ]
                ]
            },
            "properties": {
                "name": "Path"
            }
        },
        {
            "type": "Feature",
            "geometry": {
                "type": "LineString",
                "coordinates": [
                    [
                        116.5648512824549,
                        20.6134060287534
                    ],
                    [
                        116.5858261332913,
                        20.587364184332
                    ]
                ]
            },
            "properties": {
                "name": "Path"
            }
        },
        {
            "type": "Feature",
            "geometry": {
                "type": "LineString",
                "coordinates": [
                    [
                        116.5858261332903,
                        20.587364184331
                    ],
                    [
                        116.6118181053622,
                        20.5656495068566
                    ]
                ]
            },
            "properties": {
                "name": "Path"
            }
        },
        {
            "type": "Feature",
            "geometry": {
                "type": "LineString",
                "coordinates": [
                    [
                        116.6118181053612,
                        20.5656495068556
                    ],
                    [
                        116.6418288526205,
                        20.5490944937528
                    ]
                ]
            },
            "properties": {
                "name": "Path"
            }
        },
        {
            "type": "Feature",
            "geometry": {
                "type": "LineString",
                "coordinates": [
                    [
                        116.6418288526195,
                        20.5490944937518
                    ],
                    [
                        116.6747071758235,
                        20.538333606493
                    ]
                ]
            },
            "properties": {
                "name": "Path"
            }
        },
        {
            "type": "Feature",
            "geometry": {
                "type": "LineString",
                "coordinates": [
                    [
                        116.6747071758225,
                        20.538333606492
                    ],
                    [
                        116.709192943037,
                        20.5337791440375
                    ]
                ]
            },
            "properties": {
                "name": "Path"
            }
        },
        {
            "type": "Feature",
            "geometry": {
                "type": "LineString",
                "coordinates": [
                    [
                        116.709192943036,
                        20.5337791440365
                    ],
                    [
                        116.7439650081192,
                        20.535605586681
                    ]
                ]
            },
            "properties": {
                "name": "Path"
            }
        },
        {
            "type": "Feature",
            "geometry": {
                "type": "LineString",
                "coordinates": [
                    [
                        116.7439650081182,
                        20.53560558668
                    ],
                    [
                        116.7776913615195,
                        20.5437429657305
                    ]
                ]
            },
            "properties": {
                "name": "Path"
            }
        },
        {
            "type": "Feature",
            "geometry": {
                "type": "LineString",
                "coordinates": [
                    [
                        116.7776913615185,
                        20.5437429657295
                    ],
                    [
                        116.8090796780082,
                        20.5578795226845
                    ]
                ]
            },
            "properties": {
                "name": "Path"
            }
        },
        {
            "type": "Feature",
            "geometry": {
                "type": "LineString",
                "coordinates": [
                    [
                        116.8090796780072,
                        20.5578795226835
                    ],
                    [
                        116.8369264136337,
                        20.5774735481391
                    ]
                ]
            },
            "properties": {
                "name": "Path"
            }
        },
        {
            "type": "Feature",
            "geometry": {
                "type": "LineString",
                "coordinates": [
                    [
                        116.8369264136327,
                        20.5774735481381
                    ],
                    [
                        116.8601626493533,
                        20.6017739695576
                    ]
                ]
            },
            "properties": {
                "name": "Path"
            }
        },
        {
            "type": "Feature",
            "geometry": {
                "type": "LineString",
                "coordinates": [
                    [
                        116.8601626493523,
                        20.6017739695566
                    ],
                    [
                        116.8778949810586,
                        20.629848929031
                    ]
                ]
            },
            "properties": {
                "name": "Path"
            }
        },
        {
            "type": "Feature",
            "geometry": {
                "type": "LineString",
                "coordinates": [
                    [
                        116.8778949810576,
                        20.62984892903
                    ],
                    [
                        116.8894399141918,
                        20.6606212942595
                    ]
                ]
            },
            "properties": {
                "name": "Path"
            }
        },
        {
            "type": "Feature",
            "geometry": {
                "type": "LineString",
                "coordinates": [
                    [
                        116.8894399141908,
                        20.6606212942585
                    ],
                    [
                        116.894350434049,
                        20.6929097824712
                    ]
                ]
            },
            "properties": {
                "name": "Path"
            }
        },
        {
            "type": "Feature",
            "geometry": {
                "type": "LineString",
                "coordinates": [
                    [
                        116.894350434048,
                        20.6929097824702
                    ],
                    [
                        116.892433687184,
                        20.7254741578948
                    ]
                ]
            },
            "properties": {
                "name": "Path"
            }
        },
        {
            "type": "Feature",
            "geometry": {
                "type": "LineString",
                "coordinates": [
                    [
                        116.892433687183,
                        20.7254741578938
                    ],
                    [
                        116.8837590202411,
                        20.7570627972394
                    ]
                ]
            },
            "properties": {
                "name": "Path"
            }
        },
        {
            "type": "Feature",
            "geometry": {
                "type": "LineString",
                "coordinates": [
                    [
                        116.8837590202402,
                        20.7570627972384
                    ],
                    [
                        116.8686559729212,
                        20.7864608118632
                    ]
                ]
            },
            "properties": {
                "name": "Path"
            }
        },
        {
            "type": "Feature",
            "geometry": {
                "type": "LineString",
                "coordinates": [
                    [
                        116.8686559729202,
                        20.7864608118622
                    ],
                    [
                        116.8477022016154,
                        20.8125368759603
                    ]
                ]
            },
            "properties": {
                "name": "Path"
            }
        },
        {
            "type": "Feature",
            "geometry": {
                "type": "LineString",
                "coordinates": [
                    [
                        116.8477022016144,
                        20.8125368759593
                    ],
                    [
                        116.8217017064337,
                        20.8342869413486
                    ]
                ]
            },
            "properties": {
                "name": "Path"
            }
        },
        {
            "type": "Feature",
            "geometry": {
                "type": "LineString",
                "coordinates": [
                    [
                        116.8217017064327,
                        20.8342869413476
                    ],
                    [
                        116.7916541307529,
                        20.8508731230964
                    ]
                ]
            },
            "properties": {
                "name": "Path"
            }
        },
        {
            "type": "Feature",
            "geometry": {
                "type": "LineString",
                "coordinates": [
                    [
                        116.7916541307519,
                        20.8508731230954
                    ],
                    [
                        116.7587162804794,
                        20.8616562151052
                    ]
                ]
            },
            "properties": {
                "name": "Path"
            }
        },
        {
            "type": "Feature",
            "geometry": {
                "type": "LineString",
                "coordinates": [
                    [
                        116.7587162804784,
                        20.8616562151042
                    ],
                    [
                        116.7241573500589,
                        20.866220536197
                    ]
                ]
            },
            "properties": {
                "name": "Path"
            }
        },
        {
            "type": "Feature",
            "geometry": {
                "type": "LineString",
                "coordinates": [
                    [
                        116.7241573500579,
                        20.866220536196
                    ],
                    [
                        116.6893096242741,
                        20.8643901068137
                    ]
                ]
            },
            "properties": {
                "name": "Path"
            }
        },
        {
            "type": "Feature",
            "geometry": {
                "type": "LineString",
                "coordinates": [
                    [
                        116.6893096242731,
                        20.8643901068127
                    ],
                    [
                        116.6555166315695,
                        20.8562355020256
                    ]
                ]
            },
            "properties": {
                "name": "Path"
            }
        },
        {
            "type": "Feature",
            "geometry": {
                "type": "LineString",
                "coordinates": [
                    [
                        116.6555166315685,
                        20.8562355020246
                    ],
                    [
                        116.6240808425345,
                        20.842071102865
                    ]
                ]
            },
            "properties": {
                "name": "Path"
            }
        },
        {
            "type": "Feature",
            "geometry": {
                "type": "LineString",
                "coordinates": [
                    [
                        116.6240808425335,
                        20.842071102864
                    ],
                    [
                        116.5962130283313,
                        20.8224428575378
                    ]
                ]
            },
            "properties": {
                "name": "Path"
            }
        },
        {
            "type": "Feature",
            "geometry": {
                "type": "LineString",
                "coordinates": [
                    [
                        116.5962130283303,
                        20.8224428575368
                    ],
                    [
                        116.5729853168186,
                        20.7981070482892
                    ]
                ]
            },
            "properties": {
                "name": "Path"
            }
        },
        {
            "type": "Feature",
            "geometry": {
                "type": "LineString",
                "coordinates": [
                    [
                        116.5729853168176,
                        20.7981070482882
                    ],
                    [
                        116.555289814134,
                        20.7700009204863
                    ]
                ]
            },
            "properties": {
                "name": "Path"
            }
        },
        {
            "type": "Feature",
            "geometry": {
                "type": "LineString",
                "coordinates": [
                    [
                        116.555289814133,
                        20.7700009204853
                    ],
                    [
                        116.543804407821,
                        20.7392063514566
                    ]
                ]
            },
            "properties": {
                "name": "Path"
            }
        },
        {
            "type": "Feature",
            "geometry": {
                "type": "LineString",
                "coordinates": [
                    [
                        116.54380440782,
                        20.7392063514556
                    ],
                    [
                        116.5389670502191,
                        20.7069080042207
                    ]
                ]
            },
            "properties": {
                "name": "Path"
            }
        },
        {
            "type": "Feature",
            "geometry": {
                "type": "LineString",
                "coordinates": [
                    [
                        116.5389670502181,
                        20.7069080042197
                    ],
                    [
                        116.5409594566907,
                        20.6743476154543
                    ]
                ]
            },
            "properties": {
                "name": "Path"
            }
        },
        {
            "type": "Feature",
            "geometry": {
                "type": "LineString",
                "coordinates": [
                    [
                        116.5409594566897,
                        20.6743476154533
                    ],
                    [
                        116.5497007623395,
                        20.6427762015337
                    ]
                ]
            },
            "properties": {
                "name": "Path"
            }
        }
    ]
}